brand,platform,total_records,total_engagement,total_views,positive_count,negative_count,risk_count,net_sentiment_score
highlands,,12030,10497.0,0.0,3646,513,2105,0.2604322527015794
katinat,,8133,6632.0,0.0,2628,128,1397,0.3073896471166851
phuc_long,,7207,5903.0,0.0,2893,142,1375,0.3817122242264465
