brand,platform,total_records,total_engagement,total_views,positive_count,negative_count,risk_count,net_sentiment_score
highlands,facebook,6327,828021,0.0,2135,162,1530,0.31183815394341713
highlands,tiktok,5703,853629,1108922383.0,1511,351,575,0.2034017183938278
katinat,facebook,5265,1025232,0.0,1892,75,1201,0.34510921177587844
katinat,tiktok,2868,394803,41822120.0,736,53,196,0.23814504881450488
phuc_long,facebook,4922,2982020,0.0,2113,96,1147,0.409792767167818
phuc_long,tiktok,2285,189164,48920436.0,780,46,228,0.3212253829321663
